{"packages/cupertino_icons/assets/CupertinoIcons.ttf":["packages/cupertino_icons/assets/CupertinoIcons.ttf"],"asset/fonts/Roboto-Medium.ttf":["asset/fonts/Roboto-Medium.ttf"],"asset/fonts/Roboto-Regular.ttf":["asset/fonts/Roboto-Regular.ttf"],"asset/image/about_us.png":["asset/image/about_us.png"],"asset/image/background.png":["asset/image/background.png"],"asset/image/bg_home.jpg":["asset/image/bg_home.jpg"],"asset/image/calendar.png":["asset/image/calendar.png"],"asset/image/chart.png":["asset/image/chart.png"],"asset/image/classes.png":["asset/image/classes.png"],"asset/image/create_qr_code.png":["asset/image/create_qr_code.png"],"asset/image/ic_student.png":["asset/image/ic_student.png"],"asset/image/ic_teacher.png":["asset/image/ic_teacher.png"],"asset/image/logo.png":["asset/image/logo.png"],"asset/image/logout.png":["asset/image/logout.png"],"asset/image/profile.png":["asset/image/profile.png"],"asset/image/qr_code.png":["asset/image/qr_code.png"],"asset/image/studentbg.png":["asset/image/studentbg.png"],"asset/image/teacherbg.png":["asset/image/teacherbg.png"]}